answer,values
Detached houseUnder 1000 sq. ft.Under $50Natural Gas1,2400
Detached houseUnder 1000 sq. ft.Under $50Natural Gas2,2600
Detached houseUnder 1000 sq. ft.Under $50Natural Gas3-4,2700
Detached houseUnder 1000 sq. ft.Under $50Natural Gas5+,3000
Detached houseUnder 1000 sq. ft.Under $50Electricity1,200
Detached houseUnder 1000 sq. ft.Under $50Electricity2,250
Detached houseUnder 1000 sq. ft.Under $50Electricity3-4,380
Detached houseUnder 1000 sq. ft.Under $50Electricity5+,450
Detached houseUnder 1000 sq. ft.Under $50Oil1,2100
Detached houseUnder 1000 sq. ft.Under $50Oil2,2650
Detached houseUnder 1000 sq. ft.Under $50Oil3-4,3200
Detached houseUnder 1000 sq. ft.Under $50Oil5+,3700
Detached houseUnder 1000 sq. ft.Under $50Propane1,2870
Detached houseUnder 1000 sq. ft.Under $50Propane2,3470
Detached houseUnder 1000 sq. ft.Under $50Propane3-4,4370
Detached houseUnder 1000 sq. ft.Under $50Propane5+,5270
Detached houseUnder 1000 sq. ft.Under $50Wood1,2170
Detached houseUnder 1000 sq. ft.Under $50Wood2,2370
Detached houseUnder 1000 sq. ft.Under $50Wood3-4,2670
Detached houseUnder 1000 sq. ft.Under $50Wood5+,2970
Detached houseUnder 1000 sq. ft.$50-$100Natural Gas1,2440
Detached houseUnder 1000 sq. ft.$50-$100Natural Gas2,2640
Detached houseUnder 1000 sq. ft.$50-$100Natural Gas3-4,2940
Detached houseUnder 1000 sq. ft.$50-$100Natural Gas5+,3240
Detached houseUnder 1000 sq. ft.$50-$100Electricity1,400
Detached houseUnder 1000 sq. ft.$50-$100Electricity2,500
Detached houseUnder 1000 sq. ft.$50-$100Electricity3-4,550
Detached houseUnder 1000 sq. ft.$50-$100Electricity5+,600
Detached houseUnder 1000 sq. ft.$50-$100Oil1,5200
Detached houseUnder 1000 sq. ft.$50-$100Oil2,5400
Detached houseUnder 1000 sq. ft.$50-$100Oil3-4,5700
Detached houseUnder 1000 sq. ft.$50-$100Oil5+,6000
Detached houseUnder 1000 sq. ft.$50-$100Propane1,4400
Detached houseUnder 1000 sq. ft.$50-$100Propane2,4600
Detached houseUnder 1000 sq. ft.$50-$100Propane3-4,4900
Detached houseUnder 1000 sq. ft.$50-$100Propane5+,5200
Detached houseUnder 1000 sq. ft.$50-$100Wood1,2340
Detached houseUnder 1000 sq. ft.$50-$100Wood2,2540
Detached houseUnder 1000 sq. ft.$50-$100Wood3-4,2840
Detached houseUnder 1000 sq. ft.$50-$100Wood5+,3140
Detached houseUnder 1000 sq. ft.$100-$150Natural Gas1,2610
Detached houseUnder 1000 sq. ft.$100-$150Natural Gas2,2810
Detached houseUnder 1000 sq. ft.$100-$150Natural Gas3-4,3110
Detached houseUnder 1000 sq. ft.$100-$150Natural Gas5+,3410
Detached houseUnder 1000 sq. ft.$100-$150Electricity1,1200
Detached houseUnder 1000 sq. ft.$100-$150Electricity2,1450
Detached houseUnder 1000 sq. ft.$100-$150Electricity3-4,1600
Detached houseUnder 1000 sq. ft.$100-$150Electricity5+,1800
Detached houseUnder 1000 sq. ft.$100-$150Oil1,6100
Detached houseUnder 1000 sq. ft.$100-$150Oil2,6250
Detached houseUnder 1000 sq. ft.$100-$150Oil3-4,6700
Detached houseUnder 1000 sq. ft.$100-$150Oil5+,6950
Detached houseUnder 1000 sq. ft.$100-$150Propane1,5400
Detached houseUnder 1000 sq. ft.$100-$150Propane2,5600
Detached houseUnder 1000 sq. ft.$100-$150Propane3-4,5900
Detached houseUnder 1000 sq. ft.$100-$150Propane5+,6200
Detached houseUnder 1000 sq. ft.$100-$150Wood1,2510
Detached houseUnder 1000 sq. ft.$100-$150Wood2,2710
Detached houseUnder 1000 sq. ft.$100-$150Wood3-4,3010
Detached houseUnder 1000 sq. ft.$100-$150Wood5+,3310
Detached houseUnder 1000 sq. ft.$150-$200Natural Gas1,2780
Detached houseUnder 1000 sq. ft.$150-$200Natural Gas2,2980
Detached houseUnder 1000 sq. ft.$150-$200Natural Gas3-4,3280
Detached houseUnder 1000 sq. ft.$150-$200Natural Gas5+,3580
Detached houseUnder 1000 sq. ft.$150-$200Electricity1,1700
Detached houseUnder 1000 sq. ft.$150-$200Electricity2,1900
Detached houseUnder 1000 sq. ft.$150-$200Electricity3-4,2050
Detached houseUnder 1000 sq. ft.$150-$200Electricity5+,2200
Detached houseUnder 1000 sq. ft.$150-$200Oil1,7200
Detached houseUnder 1000 sq. ft.$150-$200Oil2,7400
Detached houseUnder 1000 sq. ft.$150-$200Oil3-4,7700
Detached houseUnder 1000 sq. ft.$150-$200Oil5+,8000
Detached houseUnder 1000 sq. ft.$150-$200Propane1,6400
Detached houseUnder 1000 sq. ft.$150-$200Propane2,6600
Detached houseUnder 1000 sq. ft.$150-$200Propane3-4,6900
Detached houseUnder 1000 sq. ft.$150-$200Propane5+,7200
Detached houseUnder 1000 sq. ft.$150-$200Wood1,2680
Detached houseUnder 1000 sq. ft.$150-$200Wood2,2880
Detached houseUnder 1000 sq. ft.$150-$200Wood3-4,3180
Detached houseUnder 1000 sq. ft.$150-$200Wood5+,3480
Detached houseUnder 1000 sq. ft.Over $200Natural Gas1,3100
Detached houseUnder 1000 sq. ft.Over $200Natural Gas2,3100
Detached houseUnder 1000 sq. ft.Over $200Natural Gas3-4,3600
Detached houseUnder 1000 sq. ft.Over $200Natural Gas5+,3900
Detached houseUnder 1000 sq. ft.Over $200Electricity1,2300
Detached houseUnder 1000 sq. ft.Over $200Electricity2,2500
Detached houseUnder 1000 sq. ft.Over $200Electricity3-4,2700
Detached houseUnder 1000 sq. ft.Over $200Electricity5+,3000
Detached houseUnder 1000 sq. ft.Over $200Oil1,8200
Detached houseUnder 1000 sq. ft.Over $200Oil2,8400
Detached houseUnder 1000 sq. ft.Over $200Oil3-4,8700
Detached houseUnder 1000 sq. ft.Over $200Oil5+,9000
Detached houseUnder 1000 sq. ft.Over $200Propane1,7400
Detached houseUnder 1000 sq. ft.Over $200Propane2,7600
Detached houseUnder 1000 sq. ft.Over $200Propane3-4,7900
Detached houseUnder 1000 sq. ft.Over $200Propane5+,8200
Detached houseUnder 1000 sq. ft.Over $200Wood1,3000
Detached houseUnder 1000 sq. ft.Over $200Wood2,3200
Detached houseUnder 1000 sq. ft.Over $200Wood3-4,3500
Detached houseUnder 1000 sq. ft.Over $200Wood5+,3800
Detached house1000-2000 sq. ft.Under $50Natural Gas1,2800
Detached house1000-2000 sq. ft.Under $50Natural Gas2,3000
Detached house1000-2000 sq. ft.Under $50Natural Gas3-4,3380
Detached house1000-2000 sq. ft.Under $50Natural Gas5+,3860
Detached house1000-2000 sq. ft.Under $50Electricity1,300
Detached house1000-2000 sq. ft.Under $50Electricity2,380
Detached house1000-2000 sq. ft.Under $50Electricity3-4,500
Detached house1000-2000 sq. ft.Under $50Electricity5+,600
Detached house1000-2000 sq. ft.Under $50Oil1,3800
Detached house1000-2000 sq. ft.Under $50Oil2,4000
Detached house1000-2000 sq. ft.Under $50Oil3-4,4700
Detached house1000-2000 sq. ft.Under $50Oil5+,5350
Detached house1000-2000 sq. ft.Under $50Propane1,3770
Detached house1000-2000 sq. ft.Under $50Propane2,4470
Detached house1000-2000 sq. ft.Under $50Propane3-4,5670
Detached house1000-2000 sq. ft.Under $50Propane5+,6570
Detached house1000-2000 sq. ft.Under $50Wood1,3670
Detached house1000-2000 sq. ft.Under $50Wood2,4170
Detached house1000-2000 sq. ft.Under $50Wood3-4,4870
Detached house1000-2000 sq. ft.Under $50Wood5+,5670
Detached house1000-2000 sq. ft.$50-$100Natural Gas1,5900
Detached house1000-2000 sq. ft.$50-$100Natural Gas2,6100
Detached house1000-2000 sq. ft.$50-$100Natural Gas3-4,6400
Detached house1000-2000 sq. ft.$50-$100Natural Gas5+,6700
Detached house1000-2000 sq. ft.$50-$100Electricity1,600
Detached house1000-2000 sq. ft.$50-$100Electricity2,800
Detached house1000-2000 sq. ft.$50-$100Electricity3-4,1050
Detached house1000-2000 sq. ft.$50-$100Electricity5+,1200
Detached house1000-2000 sq. ft.$50-$100Oil1,5300
Detached house1000-2000 sq. ft.$50-$100Oil2,5440
Detached house1000-2000 sq. ft.$50-$100Oil3-4,5800
Detached house1000-2000 sq. ft.$50-$100Oil5+,6100
Detached house1000-2000 sq. ft.$50-$100Propane1,3940
Detached house1000-2000 sq. ft.$50-$100Propane2,4640
Detached house1000-2000 sq. ft.$50-$100Propane3-4,5740
Detached house1000-2000 sq. ft.$50-$100Propane5+,6740
Detached house1000-2000 sq. ft.$50-$100Wood1,3840
Detached house1000-2000 sq. ft.$50-$100Wood2,4340
Detached house1000-2000 sq. ft.$50-$100Wood3-4,5040
Detached house1000-2000 sq. ft.$50-$100Wood5+,5840
Detached house1000-2000 sq. ft.$100-$150Natural Gas1,6500
Detached house1000-2000 sq. ft.$100-$150Natural Gas2,6700
Detached house1000-2000 sq. ft.$100-$150Natural Gas3-4,7000
Detached house1000-2000 sq. ft.$100-$150Natural Gas5+,7300
Detached house1000-2000 sq. ft.$100-$150Electricity1,1200
Detached house1000-2000 sq. ft.$100-$150Electricity2,1450
Detached house1000-2000 sq. ft.$100-$150Electricity3-4,1600
Detached house1000-2000 sq. ft.$100-$150Electricity5+,1800
Detached house1000-2000 sq. ft.$100-$150Oil1,6200
Detached house1000-2000 sq. ft.$100-$150Oil2,6400
Detached house1000-2000 sq. ft.$100-$150Oil3-4,6700
Detached house1000-2000 sq. ft.$100-$150Oil5+,7000
Detached house1000-2000 sq. ft.$100-$150Propane1,7100
Detached house1000-2000 sq. ft.$100-$150Propane2,7230
Detached house1000-2000 sq. ft.$100-$150Propane3-4,7400
Detached house1000-2000 sq. ft.$100-$150Propane5+,7550
Detached house1000-2000 sq. ft.$100-$150Wood1,4010
Detached house1000-2000 sq. ft.$100-$150Wood2,4510
Detached house1000-2000 sq. ft.$100-$150Wood3-4,5210
Detached house1000-2000 sq. ft.$100-$150Wood5+,6010
Detached house1000-2000 sq. ft.$150-$200Natural Gas1,7100
Detached house1000-2000 sq. ft.$150-$200Natural Gas2,7300
Detached house1000-2000 sq. ft.$150-$200Natural Gas3-4,7600
Detached house1000-2000 sq. ft.$150-$200Natural Gas5+,7900
Detached house1000-2000 sq. ft.$150-$200Electricity1,1800
Detached house1000-2000 sq. ft.$150-$200Electricity2,2000
Detached house1000-2000 sq. ft.$150-$200Electricity3-4,2250
Detached house1000-2000 sq. ft.$150-$200Electricity5+,2400
Detached house1000-2000 sq. ft.$150-$200Oil1,7200
Detached house1000-2000 sq. ft.$150-$200Oil2,7400
Detached house1000-2000 sq. ft.$150-$200Oil3-4,7700
Detached house1000-2000 sq. ft.$150-$200Oil5+,8000
Detached house1000-2000 sq. ft.$150-$200Propane1,4280
Detached house1000-2000 sq. ft.$150-$200Propane2,4980
Detached house1000-2000 sq. ft.$150-$200Propane3-4,5985
Detached house1000-2000 sq. ft.$150-$200Propane5+,7080
Detached house1000-2000 sq. ft.$150-$200Wood1,4180
Detached house1000-2000 sq. ft.$150-$200Wood2,4680
Detached house1000-2000 sq. ft.$150-$200Wood3-4,5380
Detached house1000-2000 sq. ft.$150-$200Wood5+,6180
Detached house1000-2000 sq. ft.Over $200Natural Gas1,8300
Detached house1000-2000 sq. ft.Over $200Natural Gas2,8500
Detached house1000-2000 sq. ft.Over $200Natural Gas3-4,8800
Detached house1000-2000 sq. ft.Over $200Natural Gas5+,9100
Detached house1000-2000 sq. ft.Over $200Electricity1,2400
Detached house1000-2000 sq. ft.Over $200Electricity2,2600
Detached house1000-2000 sq. ft.Over $200Electricity3-4,2800
Detached house1000-2000 sq. ft.Over $200Electricity5+,3100
Detached house1000-2000 sq. ft.Over $200Oil1,8200
Detached house1000-2000 sq. ft.Over $200Oil2,8400
Detached house1000-2000 sq. ft.Over $200Oil3-4,8700
Detached house1000-2000 sq. ft.Over $200Oil5+,9000
Detached house1000-2000 sq. ft.Over $200Propane1,4600
Detached house1000-2000 sq. ft.Over $200Propane2,5300
Detached house1000-2000 sq. ft.Over $200Propane3-4,6350
Detached house1000-2000 sq. ft.Over $200Propane5+,7400
Detached house1000-2000 sq. ft.Over $200Wood1,4500
Detached house1000-2000 sq. ft.Over $200Wood2,5000
Detached house1000-2000 sq. ft.Over $200Wood3-4,5750
Detached house1000-2000 sq. ft.Over $200Wood5+,6500
Detached houseOver 2000 sq. ft.Under $50Natural Gas1,2800
Detached houseOver 2000 sq. ft.Under $50Natural Gas2,2880
Detached houseOver 2000 sq. ft.Under $50Natural Gas3-4,3000
Detached houseOver 2000 sq. ft.Under $50Natural Gas5+,3230
Detached houseOver 2000 sq. ft.Under $50Electricity1,320
Detached houseOver 2000 sq. ft.Under $50Electricity2,450
Detached houseOver 2000 sq. ft.Under $50Electricity3-4,520
Detached houseOver 2000 sq. ft.Under $50Electricity5+,675
Detached houseOver 2000 sq. ft.Under $50Oil1,5400
Detached houseOver 2000 sq. ft.Under $50Oil2,6200
Detached houseOver 2000 sq. ft.Under $50Oil3-4,7000
Detached houseOver 2000 sq. ft.Under $50Oil5+,8900
Detached houseOver 2000 sq. ft.Under $50Propane1,5570
Detached houseOver 2000 sq. ft.Under $50Propane2,6170
Detached houseOver 2000 sq. ft.Under $50Propane3-4,6970
Detached houseOver 2000 sq. ft.Under $50Propane5+,7970
Detached houseOver 2000 sq. ft.Under $50Wood1,4170
Detached houseOver 2000 sq. ft.Under $50Wood2,4670
Detached houseOver 2000 sq. ft.Under $50Wood3-4,5270
Detached houseOver 2000 sq. ft.Under $50Wood5+,6170
Detached houseOver 2000 sq. ft.$50-$100Natural Gas1,3000
Detached houseOver 2000 sq. ft.$50-$100Natural Gas2,3200
Detached houseOver 2000 sq. ft.$50-$100Natural Gas3-4,3500
Detached houseOver 2000 sq. ft.$50-$100Natural Gas5+,3800
Detached houseOver 2000 sq. ft.$50-$100Electricity1,600
Detached houseOver 2000 sq. ft.$50-$100Electricity2,900
Detached houseOver 2000 sq. ft.$50-$100Electricity3-4,1500
Detached houseOver 2000 sq. ft.$50-$100Electricity5+,1800
Detached houseOver 2000 sq. ft.$50-$100Oil1,10500
Detached houseOver 2000 sq. ft.$50-$100Oil2,11000
Detached houseOver 2000 sq. ft.$50-$100Oil3-4,12500
Detached houseOver 2000 sq. ft.$50-$100Oil5+,14000
Detached houseOver 2000 sq. ft.$50-$100Propane1,5740
Detached houseOver 2000 sq. ft.$50-$100Propane2,6340
Detached houseOver 2000 sq. ft.$50-$100Propane3-4,7240
Detached houseOver 2000 sq. ft.$50-$100Propane5+,8140
Detached houseOver 2000 sq. ft.$50-$100Wood1,4340
Detached houseOver 2000 sq. ft.$50-$100Wood2,4840
Detached houseOver 2000 sq. ft.$50-$100Wood3-4,5640
Detached houseOver 2000 sq. ft.$50-$100Wood5+,6340
Detached houseOver 2000 sq. ft.$100-$150Natural Gas1,3200
Detached houseOver 2000 sq. ft.$100-$150Natural Gas2,3400
Detached houseOver 2000 sq. ft.$100-$150Natural Gas3-4,3700
Detached houseOver 2000 sq. ft.$100-$150Natural Gas5+,4000
Detached houseOver 2000 sq. ft.$100-$150Electricity1,1800
Detached houseOver 2000 sq. ft.$100-$150Electricity2,2100
Detached houseOver 2000 sq. ft.$100-$150Electricity3-4,2300
Detached houseOver 2000 sq. ft.$100-$150Electricity5+,2700
Detached houseOver 2000 sq. ft.$100-$150Oil1,14000
Detached houseOver 2000 sq. ft.$100-$150Oil2,15500
Detached houseOver 2000 sq. ft.$100-$150Oil3-4,16250
Detached houseOver 2000 sq. ft.$100-$150Oil5+,17500
Detached houseOver 2000 sq. ft.$100-$150Propane1,5800
Detached houseOver 2000 sq. ft.$100-$150Propane2,6410
Detached houseOver 2000 sq. ft.$100-$150Propane3-4,7300
Detached houseOver 2000 sq. ft.$100-$150Propane5+,8230
Detached houseOver 2000 sq. ft.$100-$150Wood1,4510
Detached houseOver 2000 sq. ft.$100-$150Wood2,5010
Detached houseOver 2000 sq. ft.$100-$150Wood3-4,5710
Detached houseOver 2000 sq. ft.$100-$150Wood5+,6510
Detached houseOver 2000 sq. ft.$150-$200Natural Gas1,3400
Detached houseOver 2000 sq. ft.$150-$200Natural Gas2,3600
Detached houseOver 2000 sq. ft.$150-$200Natural Gas3-4,4100
Detached houseOver 2000 sq. ft.$150-$200Natural Gas5+,4400
Detached houseOver 2000 sq. ft.$150-$200Electricity1,2700
Detached houseOver 2000 sq. ft.$150-$200Electricity2,3100
Detached houseOver 2000 sq. ft.$150-$200Electricity3-4,3400
Detached houseOver 2000 sq. ft.$150-$200Electricity5+,3600
Detached houseOver 2000 sq. ft.$150-$200Oil1,17500
Detached houseOver 2000 sq. ft.$150-$200Oil2,18100
Detached houseOver 2000 sq. ft.$150-$200Oil3-4,20000
Detached houseOver 2000 sq. ft.$150-$200Oil5+,21000
Detached houseOver 2000 sq. ft.$150-$200Propane1,5852
Detached houseOver 2000 sq. ft.$150-$200Propane2,6560
Detached houseOver 2000 sq. ft.$150-$200Propane3-4,7600
Detached houseOver 2000 sq. ft.$150-$200Propane5+,8300
Detached houseOver 2000 sq. ft.$150-$200Wood1,4680
Detached houseOver 2000 sq. ft.$150-$200Wood2,5180
Detached houseOver 2000 sq. ft.$150-$200Wood3-4,5980
Detached houseOver 2000 sq. ft.$150-$200Wood5+,6680
Detached houseOver 2000 sq. ft.Over $200Natural Gas1,3600
Detached houseOver 2000 sq. ft.Over $200Natural Gas2,3800
Detached houseOver 2000 sq. ft.Over $200Natural Gas3-4,4100
Detached houseOver 2000 sq. ft.Over $200Natural Gas5+,4400
Detached houseOver 2000 sq. ft.Over $200Electricity1,3600
Detached houseOver 2000 sq. ft.Over $200Electricity2,3800
Detached houseOver 2000 sq. ft.Over $200Electricity3-4,4000
Detached houseOver 2000 sq. ft.Over $200Electricity5+,4200
Detached houseOver 2000 sq. ft.Over $200Oil1,21000
Detached houseOver 2000 sq. ft.Over $200Oil2,22000
Detached houseOver 2000 sq. ft.Over $200Oil3-4,23500
Detached houseOver 2000 sq. ft.Over $200Oil5+,25000
Detached houseOver 2000 sq. ft.Over $200Propane1,6100
Detached houseOver 2000 sq. ft.Over $200Propane2,6840
Detached houseOver 2000 sq. ft.Over $200Propane3-4,7890
Detached houseOver 2000 sq. ft.Over $200Propane5+,8710
Detached houseOver 2000 sq. ft.Over $200Wood1,5000
Detached houseOver 2000 sq. ft.Over $200Wood2,5500
Detached houseOver 2000 sq. ft.Over $200Wood3-4,6250
Detached houseOver 2000 sq. ft.Over $200Wood5+,7000
Semi-detached houseUnder 1000 sq. ft.Under $50Natural Gas1,2160
Semi-detached houseUnder 1000 sq. ft.Under $50Natural Gas2,2349
Semi-detached houseUnder 1000 sq. ft.Under $50Natural Gas3-4,2732
Semi-detached houseUnder 1000 sq. ft.Under $50Natural Gas5+,3199
Semi-detached houseUnder 1000 sq. ft.Under $50Electricity1,300
Semi-detached houseUnder 1000 sq. ft.Under $50Electricity2,410
Semi-detached houseUnder 1000 sq. ft.Under $50Electricity3-4,500
Semi-detached houseUnder 1000 sq. ft.Under $50Electricity5+,580
Semi-detached houseUnder 1000 sq. ft.Under $50Oil1,2500
Semi-detached houseUnder 1000 sq. ft.Under $50Oil2,2592
Semi-detached houseUnder 1000 sq. ft.Under $50Oil3-4,2680
Semi-detached houseUnder 1000 sq. ft.Under $50Oil5+,2750
Semi-detached houseUnder 1000 sq. ft.Under $50Propane1,2200
Semi-detached houseUnder 1000 sq. ft.Under $50Propane2,2300
Semi-detached houseUnder 1000 sq. ft.Under $50Propane3-4,2450
Semi-detached houseUnder 1000 sq. ft.Under $50Propane5+,2600
Semi-detached houseUnder 1000 sq. ft.Under $50Wood1,2100
Semi-detached houseUnder 1000 sq. ft.Under $50Wood2,2450
Semi-detached houseUnder 1000 sq. ft.Under $50Wood3-4,2700
Semi-detached houseUnder 1000 sq. ft.Under $50Wood5+,3000
Semi-detached houseUnder 1000 sq. ft.$50-$100Natural Gas1,2400
Semi-detached houseUnder 1000 sq. ft.$50-$100Natural Gas2,2600
Semi-detached houseUnder 1000 sq. ft.$50-$100Natural Gas3-4,2900
Semi-detached houseUnder 1000 sq. ft.$50-$100Natural Gas5+,3200
Semi-detached houseUnder 1000 sq. ft.$50-$100Electricity1,410
Semi-detached houseUnder 1000 sq. ft.$50-$100Electricity2,500
Semi-detached houseUnder 1000 sq. ft.$50-$100Electricity3-4,560
Semi-detached houseUnder 1000 sq. ft.$50-$100Electricity5+,600
Semi-detached houseUnder 1000 sq. ft.$50-$100Oil1,2800
Semi-detached houseUnder 1000 sq. ft.$50-$100Oil2,3000
Semi-detached houseUnder 1000 sq. ft.$50-$100Oil3-4,3300
Semi-detached houseUnder 1000 sq. ft.$50-$100Oil5+,3600
Semi-detached houseUnder 1000 sq. ft.$50-$100Propane1,2600
Semi-detached houseUnder 1000 sq. ft.$50-$100Propane2,2800
Semi-detached houseUnder 1000 sq. ft.$50-$100Propane3-4,3100
Semi-detached houseUnder 1000 sq. ft.$50-$100Propane5+,3400
Semi-detached houseUnder 1000 sq. ft.$50-$100Wood1,3000
Semi-detached houseUnder 1000 sq. ft.$50-$100Wood2,3200
Semi-detached houseUnder 1000 sq. ft.$50-$100Wood3-4,3500
Semi-detached houseUnder 1000 sq. ft.$50-$100Wood5+,3800
Semi-detached houseUnder 1000 sq. ft.$100-$150Natural Gas1,2600
Semi-detached houseUnder 1000 sq. ft.$100-$150Natural Gas2,2800
Semi-detached houseUnder 1000 sq. ft.$100-$150Natural Gas3-4,3100
Semi-detached houseUnder 1000 sq. ft.$100-$150Natural Gas5+,3400
Semi-detached houseUnder 1000 sq. ft.$100-$150Electricity1,1210
Semi-detached houseUnder 1000 sq. ft.$100-$150Electricity2,1450
Semi-detached houseUnder 1000 sq. ft.$100-$150Electricity3-4,1620
Semi-detached houseUnder 1000 sq. ft.$100-$150Electricity5+,1820
Semi-detached houseUnder 1000 sq. ft.$100-$150Oil1,3000
Semi-detached houseUnder 1000 sq. ft.$100-$150Oil2,3200
Semi-detached houseUnder 1000 sq. ft.$100-$150Oil3-4,3500
Semi-detached houseUnder 1000 sq. ft.$100-$150Oil5+,3800
Semi-detached houseUnder 1000 sq. ft.$100-$150Propane1,2800
Semi-detached houseUnder 1000 sq. ft.$100-$150Propane2,3000
Semi-detached houseUnder 1000 sq. ft.$100-$150Propane3-4,3300
Semi-detached houseUnder 1000 sq. ft.$100-$150Propane5+,3600
Semi-detached houseUnder 1000 sq. ft.$100-$150Wood1,3200
Semi-detached houseUnder 1000 sq. ft.$100-$150Wood2,3400
Semi-detached houseUnder 1000 sq. ft.$100-$150Wood3-4,3700
Semi-detached houseUnder 1000 sq. ft.$100-$150Wood5+,4000
Semi-detached houseUnder 1000 sq. ft.$150-$200Natural Gas1,2800
Semi-detached houseUnder 1000 sq. ft.$150-$200Natural Gas2,3000
Semi-detached houseUnder 1000 sq. ft.$150-$200Natural Gas3-4,3300
Semi-detached houseUnder 1000 sq. ft.$150-$200Natural Gas5+,3600
Semi-detached houseUnder 1000 sq. ft.$150-$200Electricity1,1700
Semi-detached houseUnder 1000 sq. ft.$150-$200Electricity2,1900
Semi-detached houseUnder 1000 sq. ft.$150-$200Electricity3-4,2000
Semi-detached houseUnder 1000 sq. ft.$150-$200Electricity5+,2200
Semi-detached houseUnder 1000 sq. ft.$150-$200Oil1,3200
Semi-detached houseUnder 1000 sq. ft.$150-$200Oil2,3400
Semi-detached houseUnder 1000 sq. ft.$150-$200Oil3-4,3700
Semi-detached houseUnder 1000 sq. ft.$150-$200Oil5+,4000
Semi-detached houseUnder 1000 sq. ft.$150-$200Propane1,3000
Semi-detached houseUnder 1000 sq. ft.$150-$200Propane2,3200
Semi-detached houseUnder 1000 sq. ft.$150-$200Propane3-4,3500
Semi-detached houseUnder 1000 sq. ft.$150-$200Propane5+,3800
Semi-detached houseUnder 1000 sq. ft.$150-$200Wood1,3400
Semi-detached houseUnder 1000 sq. ft.$150-$200Wood2,3600
Semi-detached houseUnder 1000 sq. ft.$150-$200Wood3-4,3900
Semi-detached houseUnder 1000 sq. ft.$150-$200Wood5+,4200
Semi-detached houseUnder 1000 sq. ft.Over $200Natural Gas1,3000
Semi-detached houseUnder 1000 sq. ft.Over $200Natural Gas2,3200
Semi-detached houseUnder 1000 sq. ft.Over $200Natural Gas3-4,3500
Semi-detached houseUnder 1000 sq. ft.Over $200Natural Gas5+,3800
Semi-detached houseUnder 1000 sq. ft.Over $200Electricity1,2200
Semi-detached houseUnder 1000 sq. ft.Over $200Electricity2,2500
Semi-detached houseUnder 1000 sq. ft.Over $200Electricity3-4,2600
Semi-detached houseUnder 1000 sq. ft.Over $200Electricity5+,3000
Semi-detached houseUnder 1000 sq. ft.Over $200Oil1,3400
Semi-detached houseUnder 1000 sq. ft.Over $200Oil2,3600
Semi-detached houseUnder 1000 sq. ft.Over $200Oil3-4,3900
Semi-detached houseUnder 1000 sq. ft.Over $200Oil5+,4200
Semi-detached houseUnder 1000 sq. ft.Over $200Propane1,3200
Semi-detached houseUnder 1000 sq. ft.Over $200Propane2,3400
Semi-detached houseUnder 1000 sq. ft.Over $200Propane3-4,3700
Semi-detached houseUnder 1000 sq. ft.Over $200Propane5+,4000
Semi-detached houseUnder 1000 sq. ft.Over $200Wood1,3600
Semi-detached houseUnder 1000 sq. ft.Over $200Wood2,3800
Semi-detached houseUnder 1000 sq. ft.Over $200Wood3-4,4100
Semi-detached houseUnder 1000 sq. ft.Over $200Wood5+,4400
Semi-detached house1000-2000 sq. ft.Under $50Natural Gas1,2443
Semi-detached house1000-2000 sq. ft.Under $50Natural Gas2,2727
Semi-detached house1000-2000 sq. ft.Under $50Natural Gas3-4,3151
Semi-detached house1000-2000 sq. ft.Under $50Natural Gas5+,3578
Semi-detached house1000-2000 sq. ft.Under $50Electricity1,300
Semi-detached house1000-2000 sq. ft.Under $50Electricity2,410
Semi-detached house1000-2000 sq. ft.Under $50Electricity3-4,550
Semi-detached house1000-2000 sq. ft.Under $50Electricity5+,605
Semi-detached house1000-2000 sq. ft.Under $50Oil1,3400
Semi-detached house1000-2000 sq. ft.Under $50Oil2,3499
Semi-detached house1000-2000 sq. ft.Under $50Oil3-4,3599
Semi-detached house1000-2000 sq. ft.Under $50Oil5+,3700
Semi-detached house1000-2000 sq. ft.Under $50Propane1,4000
Semi-detached house1000-2000 sq. ft.Under $50Propane2,4300
Semi-detached house1000-2000 sq. ft.Under $50Propane3-4,4700
Semi-detached house1000-2000 sq. ft.Under $50Propane5+,4900
Semi-detached house1000-2000 sq. ft.Under $50Wood1,1500
Semi-detached house1000-2000 sq. ft.Under $50Wood2,1800
Semi-detached house1000-2000 sq. ft.Under $50Wood3-4,2100
Semi-detached house1000-2000 sq. ft.Under $50Wood5+,2500
Semi-detached house1000-2000 sq. ft.$50-$100Natural Gas1,4000
Semi-detached house1000-2000 sq. ft.$50-$100Natural Gas2,5200
Semi-detached house1000-2000 sq. ft.$50-$100Natural Gas3-4,6800
Semi-detached house1000-2000 sq. ft.$50-$100Natural Gas5+,7500
Semi-detached house1000-2000 sq. ft.$50-$100Electricity1,600
Semi-detached house1000-2000 sq. ft.$50-$100Electricity2,800
Semi-detached house1000-2000 sq. ft.$50-$100Electricity3-4,1050
Semi-detached house1000-2000 sq. ft.$50-$100Electricity5+,1200
Semi-detached house1000-2000 sq. ft.$50-$100Oil1,4000
Semi-detached house1000-2000 sq. ft.$50-$100Oil2,4600
Semi-detached house1000-2000 sq. ft.$50-$100Oil3-4,5100
Semi-detached house1000-2000 sq. ft.$50-$100Oil5+,6000
Semi-detached house1000-2000 sq. ft.$50-$100Propane1,5000
Semi-detached house1000-2000 sq. ft.$50-$100Propane2,6200
Semi-detached house1000-2000 sq. ft.$50-$100Propane3-4,7300
Semi-detached house1000-2000 sq. ft.$50-$100Propane5+,8000
Semi-detached house1000-2000 sq. ft.$50-$100Wood1,2500
Semi-detached house1000-2000 sq. ft.$50-$100Wood2,2700
Semi-detached house1000-2000 sq. ft.$50-$100Wood3-4,3500
Semi-detached house1000-2000 sq. ft.$50-$100Wood5+,4000
Semi-detached house1000-2000 sq. ft.$100-$150Natural Gas1,4500
Semi-detached house1000-2000 sq. ft.$100-$150Natural Gas2,6000
Semi-detached house1000-2000 sq. ft.$100-$150Natural Gas3-4,7800
Semi-detached house1000-2000 sq. ft.$100-$150Natural Gas5+,8500
Semi-detached house1000-2000 sq. ft.$100-$150Electricity1,1200
Semi-detached house1000-2000 sq. ft.$100-$150Electricity2,1550
Semi-detached house1000-2000 sq. ft.$100-$150Electricity3-4,1700
Semi-detached house1000-2000 sq. ft.$100-$150Electricity5+,1800
Semi-detached house1000-2000 sq. ft.$100-$150Oil1,6100
Semi-detached house1000-2000 sq. ft.$100-$150Oil2,6900
Semi-detached house1000-2000 sq. ft.$100-$150Oil3-4,7300
Semi-detached house1000-2000 sq. ft.$100-$150Oil5+,8500
Semi-detached house1000-2000 sq. ft.$100-$150Propane1,7000
Semi-detached house1000-2000 sq. ft.$100-$150Propane2,8000
Semi-detached house1000-2000 sq. ft.$100-$150Propane3-4,9100
Semi-detached house1000-2000 sq. ft.$100-$150Propane5+,10000
Semi-detached house1000-2000 sq. ft.$100-$150Wood1,4100
Semi-detached house1000-2000 sq. ft.$100-$150Wood2,4300
Semi-detached house1000-2000 sq. ft.$100-$150Wood3-4,4850
Semi-detached house1000-2000 sq. ft.$100-$150Wood5+,5500
Semi-detached house1000-2000 sq. ft.$150-$200Natural Gas1,5000
Semi-detached house1000-2000 sq. ft.$150-$200Natural Gas2,6500
Semi-detached house1000-2000 sq. ft.$150-$200Natural Gas3-4,8800
Semi-detached house1000-2000 sq. ft.$150-$200Natural Gas5+,10000
Semi-detached house1000-2000 sq. ft.$150-$200Electricity1,1800
Semi-detached house1000-2000 sq. ft.$150-$200Electricity2,2000
Semi-detached house1000-2000 sq. ft.$150-$200Electricity3-4,2250
Semi-detached house1000-2000 sq. ft.$150-$200Electricity5+,2400
Semi-detached house1000-2000 sq. ft.$150-$200Oil1,8000
Semi-detached house1000-2000 sq. ft.$150-$200Oil2,8800
Semi-detached house1000-2000 sq. ft.$150-$200Oil3-4,9200
Semi-detached house1000-2000 sq. ft.$150-$200Oil5+,10500
Semi-detached house1000-2000 sq. ft.$150-$200Propane1,9000
Semi-detached house1000-2000 sq. ft.$150-$200Propane2,10200
Semi-detached house1000-2000 sq. ft.$150-$200Propane3-4,11000
Semi-detached house1000-2000 sq. ft.$150-$200Propane5+,12000
Semi-detached house1000-2000 sq. ft.$150-$200Wood1,5500
Semi-detached house1000-2000 sq. ft.$150-$200Wood2,6000
Semi-detached house1000-2000 sq. ft.$150-$200Wood3-4,6800
Semi-detached house1000-2000 sq. ft.$150-$200Wood5+,7100
Semi-detached house1000-2000 sq. ft.Over $200Natural Gas1,6000
Semi-detached house1000-2000 sq. ft.Over $200Natural Gas2,7800
Semi-detached house1000-2000 sq. ft.Over $200Natural Gas3-4,9800
Semi-detached house1000-2000 sq. ft.Over $200Natural Gas5+,11000
Semi-detached house1000-2000 sq. ft.Over $200Electricity1,2400
Semi-detached house1000-2000 sq. ft.Over $200Electricity2,2500
Semi-detached house1000-2000 sq. ft.Over $200Electricity3-4,2800
Semi-detached house1000-2000 sq. ft.Over $200Electricity5+,3200
Semi-detached house1000-2000 sq. ft.Over $200Oil1,10550
Semi-detached house1000-2000 sq. ft.Over $200Oil2,10900
Semi-detached house1000-2000 sq. ft.Over $200Oil3-4,11200
Semi-detached house1000-2000 sq. ft.Over $200Oil5+,12000
Semi-detached house1000-2000 sq. ft.Over $200Propane1,12000
Semi-detached house1000-2000 sq. ft.Over $200Propane2,13200
Semi-detached house1000-2000 sq. ft.Over $200Propane3-4,14100
Semi-detached house1000-2000 sq. ft.Over $200Propane5+,15000
Semi-detached house1000-2000 sq. ft.Over $200Wood1,7220
Semi-detached house1000-2000 sq. ft.Over $200Wood2,8000
Semi-detached house1000-2000 sq. ft.Over $200Wood3-4,8600
Semi-detached house1000-2000 sq. ft.Over $200Wood5+,9100
Semi-detached houseOver 2000 sq. ft.Under $50Natural Gas1,2821
Semi-detached houseOver 2000 sq. ft.Under $50Natural Gas2,3010
Semi-detached houseOver 2000 sq. ft.Under $50Natural Gas3-4,3261
Semi-detached houseOver 2000 sq. ft.Under $50Natural Gas5+,3578
Semi-detached houseOver 2000 sq. ft.Under $50Electricity1,300
Semi-detached houseOver 2000 sq. ft.Under $50Electricity2,560
Semi-detached houseOver 2000 sq. ft.Under $50Electricity3-4,890
Semi-detached houseOver 2000 sq. ft.Under $50Electricity5+,1000
Semi-detached houseOver 2000 sq. ft.Under $50Oil1,3820
Semi-detached houseOver 2000 sq. ft.Under $50Oil2,4000
Semi-detached houseOver 2000 sq. ft.Under $50Oil3-4,4307
Semi-detached houseOver 2000 sq. ft.Under $50Oil5+,4400
Semi-detached houseOver 2000 sq. ft.Under $50Propane1,4370
Semi-detached houseOver 2000 sq. ft.Under $50Propane2,4870
Semi-detached houseOver 2000 sq. ft.Under $50Propane3-4,5670
Semi-detached houseOver 2000 sq. ft.Under $50Propane5+,6370
Semi-detached houseOver 2000 sq. ft.Under $50Wood1,3970
Semi-detached houseOver 2000 sq. ft.Under $50Wood2,4470
Semi-detached houseOver 2000 sq. ft.Under $50Wood3-4,5270
Semi-detached houseOver 2000 sq. ft.Under $50Wood5+,5970
Semi-detached houseOver 2000 sq. ft.$50-$100Natural Gas1,7500
Semi-detached houseOver 2000 sq. ft.$50-$100Natural Gas2,8800
Semi-detached houseOver 2000 sq. ft.$50-$100Natural Gas3-4,10800
Semi-detached houseOver 2000 sq. ft.$50-$100Natural Gas5+,12500
Semi-detached houseOver 2000 sq. ft.$50-$100Electricity1,1200
Semi-detached houseOver 2000 sq. ft.$50-$100Electricity2,1400
Semi-detached houseOver 2000 sq. ft.$50-$100Electricity3-4,1650
Semi-detached houseOver 2000 sq. ft.$50-$100Electricity5+,1800
Semi-detached houseOver 2000 sq. ft.$50-$100Oil1,5500
Semi-detached houseOver 2000 sq. ft.$50-$100Oil2,6000
Semi-detached houseOver 2000 sq. ft.$50-$100Oil3-4,7200
Semi-detached houseOver 2000 sq. ft.$50-$100Oil5+,8500
Semi-detached houseOver 2000 sq. ft.$50-$100Propane1,4540
Semi-detached houseOver 2000 sq. ft.$50-$100Propane2,5040
Semi-detached houseOver 2000 sq. ft.$50-$100Propane3-4,5840
Semi-detached houseOver 2000 sq. ft.$50-$100Propane5+,6540
Semi-detached houseOver 2000 sq. ft.$50-$100Wood1,4140
Semi-detached houseOver 2000 sq. ft.$50-$100Wood2,4640
Semi-detached houseOver 2000 sq. ft.$50-$100Wood3-4,5340
Semi-detached houseOver 2000 sq. ft.$50-$100Wood5+,6140
Semi-detached houseOver 2000 sq. ft.$100-$150Natural Gas1,10000
Semi-detached houseOver 2000 sq. ft.$100-$150Natural Gas2,12000
Semi-detached houseOver 2000 sq. ft.$100-$150Natural Gas3-4,14000
Semi-detached houseOver 2000 sq. ft.$100-$150Natural Gas5+,15000
Semi-detached houseOver 2000 sq. ft.$100-$150Electricity1,1800
Semi-detached houseOver 2000 sq. ft.$100-$150Electricity2,2000
Semi-detached houseOver 2000 sq. ft.$100-$150Electricity3-4,2300
Semi-detached houseOver 2000 sq. ft.$100-$150Electricity5+,2400
Semi-detached houseOver 2000 sq. ft.$100-$150Oil1,8500
Semi-detached houseOver 2000 sq. ft.$100-$150Oil2,9200
Semi-detached houseOver 2000 sq. ft.$100-$150Oil3-4,10200
Semi-detached houseOver 2000 sq. ft.$100-$150Oil5+,11000
Semi-detached houseOver 2000 sq. ft.$100-$150Propane1,4710
Semi-detached houseOver 2000 sq. ft.$100-$150Propane2,5210
Semi-detached houseOver 2000 sq. ft.$100-$150Propane3-4,6010
Semi-detached houseOver 2000 sq. ft.$100-$150Propane5+,6710
Semi-detached houseOver 2000 sq. ft.$100-$150Wood1,4310
Semi-detached houseOver 2000 sq. ft.$100-$150Wood2,4810
Semi-detached houseOver 2000 sq. ft.$100-$150Wood3-4,5610
Semi-detached houseOver 2000 sq. ft.$100-$150Wood5+,6310
Semi-detached houseOver 2000 sq. ft.$150-$200Natural Gas1,12500
Semi-detached houseOver 2000 sq. ft.$150-$200Natural Gas2,14200
Semi-detached houseOver 2000 sq. ft.$150-$200Natural Gas3-4,16000
Semi-detached houseOver 2000 sq. ft.$150-$200Natural Gas5+,17500
Semi-detached houseOver 2000 sq. ft.$150-$200Electricity1,2400
Semi-detached houseOver 2000 sq. ft.$150-$200Electricity2,2600
Semi-detached houseOver 2000 sq. ft.$150-$200Electricity3-4,2820
Semi-detached houseOver 2000 sq. ft.$150-$200Electricity5+,3000
Semi-detached houseOver 2000 sq. ft.$150-$200Oil1,11000
Semi-detached houseOver 2000 sq. ft.$150-$200Oil2,12000
Semi-detached houseOver 2000 sq. ft.$150-$200Oil3-4,13500
Semi-detached houseOver 2000 sq. ft.$150-$200Oil5+,14000
Semi-detached houseOver 2000 sq. ft.$150-$200Propane1,4880
Semi-detached houseOver 2000 sq. ft.$150-$200Propane2,5380
Semi-detached houseOver 2000 sq. ft.$150-$200Propane3-4,6180
Semi-detached houseOver 2000 sq. ft.$150-$200Propane5+,6880
Semi-detached houseOver 2000 sq. ft.$150-$200Wood1,4480
Semi-detached houseOver 2000 sq. ft.$150-$200Wood2,4980
Semi-detached houseOver 2000 sq. ft.$150-$200Wood3-4,5780
Semi-detached houseOver 2000 sq. ft.$150-$200Wood5+,6480
Semi-detached houseOver 2000 sq. ft.Over $200Natural Gas1,15000
Semi-detached houseOver 2000 sq. ft.Over $200Natural Gas2,16800
Semi-detached houseOver 2000 sq. ft.Over $200Natural Gas3-4,18200
Semi-detached houseOver 2000 sq. ft.Over $200Natural Gas5+,19000
Semi-detached houseOver 2000 sq. ft.Over $200Electricity1,3000
Semi-detached houseOver 2000 sq. ft.Over $200Electricity2,3500
Semi-detached houseOver 2000 sq. ft.Over $200Electricity3-4,4000
Semi-detached houseOver 2000 sq. ft.Over $200Electricity5+,4500
Semi-detached houseOver 2000 sq. ft.Over $200Oil1,14000
Semi-detached houseOver 2000 sq. ft.Over $200Oil2,14800
Semi-detached houseOver 2000 sq. ft.Over $200Oil3-4,15500
Semi-detached houseOver 2000 sq. ft.Over $200Oil5+,16000
Semi-detached houseOver 2000 sq. ft.Over $200Propane1,5200
Semi-detached houseOver 2000 sq. ft.Over $200Propane2,5700
Semi-detached houseOver 2000 sq. ft.Over $200Propane3-4,6500
Semi-detached houseOver 2000 sq. ft.Over $200Propane5+,7200
Semi-detached houseOver 2000 sq. ft.Over $200Wood1,4800
Semi-detached houseOver 2000 sq. ft.Over $200Wood2,5300
Semi-detached houseOver 2000 sq. ft.Over $200Wood3-4,6150
Semi-detached houseOver 2000 sq. ft.Over $200Wood5+,6800
TownhouseUnder 1000 sq. ft.Under $50Natural Gas1,1971
TownhouseUnder 1000 sq. ft.Under $50Natural Gas2,2160
TownhouseUnder 1000 sq. ft.Under $50Natural Gas3-4,2500
TownhouseUnder 1000 sq. ft.Under $50Natural Gas5+,2800
TownhouseUnder 1000 sq. ft.Under $50Electricity1,300
TownhouseUnder 1000 sq. ft.Under $50Electricity2,410
TownhouseUnder 1000 sq. ft.Under $50Electricity3-4,500
TownhouseUnder 1000 sq. ft.Under $50Electricity5+,550
TownhouseUnder 1000 sq. ft.Under $50Oil1,2400
TownhouseUnder 1000 sq. ft.Under $50Oil2,2523
TownhouseUnder 1000 sq. ft.Under $50Oil3-4,2600
TownhouseUnder 1000 sq. ft.Under $50Oil5+,2720
TownhouseUnder 1000 sq. ft.Under $50Propane1,1500
TownhouseUnder 1000 sq. ft.Under $50Propane2,1850
TownhouseUnder 1000 sq. ft.Under $50Propane3-4,2100
TownhouseUnder 1000 sq. ft.Under $50Propane5+,2500
TownhouseUnder 1000 sq. ft.Under $50Wood1,2000
TownhouseUnder 1000 sq. ft.Under $50Wood2,2250
TownhouseUnder 1000 sq. ft.Under $50Wood3-4,2500
TownhouseUnder 1000 sq. ft.Under $50Wood5+,2600
TownhouseUnder 1000 sq. ft.$50-$100Natural Gas1,2800
TownhouseUnder 1000 sq. ft.$50-$100Natural Gas2,2910
TownhouseUnder 1000 sq. ft.$50-$100Natural Gas3-4,3000
TownhouseUnder 1000 sq. ft.$50-$100Natural Gas5+,3200
TownhouseUnder 1000 sq. ft.$50-$100Electricity1,500
TownhouseUnder 1000 sq. ft.$50-$100Electricity2,550
TownhouseUnder 1000 sq. ft.$50-$100Electricity3-4,580
TownhouseUnder 1000 sq. ft.$50-$100Electricity5+,600
TownhouseUnder 1000 sq. ft.$50-$100Oil1,2800
TownhouseUnder 1000 sq. ft.$50-$100Oil2,3100
TownhouseUnder 1000 sq. ft.$50-$100Oil3-4,3250
TownhouseUnder 1000 sq. ft.$50-$100Oil5+,3500
TownhouseUnder 1000 sq. ft.$50-$100Propane1,2500
TownhouseUnder 1000 sq. ft.$50-$100Propane2,2800
TownhouseUnder 1000 sq. ft.$50-$100Propane3-4,3400
TownhouseUnder 1000 sq. ft.$50-$100Propane5+,3800
TownhouseUnder 1000 sq. ft.$50-$100Wood1,2800
TownhouseUnder 1000 sq. ft.$50-$100Wood2,3000
TownhouseUnder 1000 sq. ft.$50-$100Wood3-4,3300
TownhouseUnder 1000 sq. ft.$50-$100Wood5+,3400
TownhouseUnder 1000 sq. ft.$100-$150Natural Gas1,3000
TownhouseUnder 1000 sq. ft.$100-$150Natural Gas2,3210
TownhouseUnder 1000 sq. ft.$100-$150Natural Gas3-4,3500
TownhouseUnder 1000 sq. ft.$100-$150Natural Gas5+,3800
TownhouseUnder 1000 sq. ft.$100-$150Electricity1,1000
TownhouseUnder 1000 sq. ft.$100-$150Electricity2,1250
TownhouseUnder 1000 sq. ft.$100-$150Electricity3-4,1320
TownhouseUnder 1000 sq. ft.$100-$150Electricity5+,1420
TownhouseUnder 1000 sq. ft.$100-$150Oil1,3600
TownhouseUnder 1000 sq. ft.$100-$150Oil2,3750
TownhouseUnder 1000 sq. ft.$100-$150Oil3-4,3900
TownhouseUnder 1000 sq. ft.$100-$150Oil5+,4050
TownhouseUnder 1000 sq. ft.$100-$150Propane1,3000
TownhouseUnder 1000 sq. ft.$100-$150Propane2,3500
TownhouseUnder 1000 sq. ft.$100-$150Propane3-4,4100
TownhouseUnder 1000 sq. ft.$100-$150Propane5+,5000
TownhouseUnder 1000 sq. ft.$100-$150Wood1,3000
TownhouseUnder 1000 sq. ft.$100-$150Wood2,3300
TownhouseUnder 1000 sq. ft.$100-$150Wood3-4,3520
TownhouseUnder 1000 sq. ft.$100-$150Wood5+,3800
TownhouseUnder 1000 sq. ft.$150-$200Natural Gas1,4000
TownhouseUnder 1000 sq. ft.$150-$200Natural Gas2,5500
TownhouseUnder 1000 sq. ft.$150-$200Natural Gas3-4,6200
TownhouseUnder 1000 sq. ft.$150-$200Natural Gas5+,8000
TownhouseUnder 1000 sq. ft.$150-$200Electricity1,1600
TownhouseUnder 1000 sq. ft.$150-$200Electricity2,1750
TownhouseUnder 1000 sq. ft.$150-$200Electricity3-4,1900
TownhouseUnder 1000 sq. ft.$150-$200Electricity5+,2000
TownhouseUnder 1000 sq. ft.$150-$200Oil1,4500
TownhouseUnder 1000 sq. ft.$150-$200Oil2,4600
TownhouseUnder 1000 sq. ft.$150-$200Oil3-4,4800
TownhouseUnder 1000 sq. ft.$150-$200Oil5+,5100
TownhouseUnder 1000 sq. ft.$150-$200Propane1,3700
TownhouseUnder 1000 sq. ft.$150-$200Propane2,4500
TownhouseUnder 1000 sq. ft.$150-$200Propane3-4,5200
TownhouseUnder 1000 sq. ft.$150-$200Propane5+,5800
TownhouseUnder 1000 sq. ft.$150-$200Wood1,3330
TownhouseUnder 1000 sq. ft.$150-$200Wood2,3500
TownhouseUnder 1000 sq. ft.$150-$200Wood3-4,3720
TownhouseUnder 1000 sq. ft.$150-$200Wood5+,4000
TownhouseUnder 1000 sq. ft.Over $200Natural Gas1,8000
TownhouseUnder 1000 sq. ft.Over $200Natural Gas2,9500
TownhouseUnder 1000 sq. ft.Over $200Natural Gas3-4,10200
TownhouseUnder 1000 sq. ft.Over $200Natural Gas5+,12000
TownhouseUnder 1000 sq. ft.Over $200Electricity1,2000
TownhouseUnder 1000 sq. ft.Over $200Electricity2,2100
TownhouseUnder 1000 sq. ft.Over $200Electricity3-4,2300
TownhouseUnder 1000 sq. ft.Over $200Electricity5+,3000
TownhouseUnder 1000 sq. ft.Over $200Oil1,5000
TownhouseUnder 1000 sq. ft.Over $200Oil2,5200
TownhouseUnder 1000 sq. ft.Over $200Oil3-4,5300
TownhouseUnder 1000 sq. ft.Over $200Oil5+,5600
TownhouseUnder 1000 sq. ft.Over $200Propane1,5800
TownhouseUnder 1000 sq. ft.Over $200Propane2,6800
TownhouseUnder 1000 sq. ft.Over $200Propane3-4,7200
TownhouseUnder 1000 sq. ft.Over $200Propane5+,7800
TownhouseUnder 1000 sq. ft.Over $200Wood1,3500
TownhouseUnder 1000 sq. ft.Over $200Wood2,3700
TownhouseUnder 1000 sq. ft.Over $200Wood3-4,4000
TownhouseUnder 1000 sq. ft.Over $200Wood5+,4300
Townhouse1000-2000 sq. ft.Under $50Natural Gas1,2443
Townhouse1000-2000 sq. ft.Under $50Natural Gas2,2750
Townhouse1000-2000 sq. ft.Under $50Natural Gas3-4,3111
Townhouse1000-2000 sq. ft.Under $50Natural Gas5+,3580
Townhouse1000-2000 sq. ft.Under $50Electricity1,300
Townhouse1000-2000 sq. ft.Under $50Electricity2,380
Townhouse1000-2000 sq. ft.Under $50Electricity3-4,500
Townhouse1000-2000 sq. ft.Under $50Electricity5+,590
Townhouse1000-2000 sq. ft.Under $50Oil1,2590
Townhouse1000-2000 sq. ft.Under $50Oil2,2620
Townhouse1000-2000 sq. ft.Under $50Oil3-4,2730
Townhouse1000-2000 sq. ft.Under $50Oil5+,2800
Townhouse1000-2000 sq. ft.Under $50Propane1,3170
Townhouse1000-2000 sq. ft.Under $50Propane2,3770
Townhouse1000-2000 sq. ft.Under $50Propane3-4,4670
Townhouse1000-2000 sq. ft.Under $50Propane5+,5570
Townhouse1000-2000 sq. ft.Under $50Wood1,1400
Townhouse1000-2000 sq. ft.Under $50Wood2,1560
Townhouse1000-2000 sq. ft.Under $50Wood3-4,1900
Townhouse1000-2000 sq. ft.Under $50Wood5+,2200
Townhouse1000-2000 sq. ft.$50-$100Natural Gas1,4000
Townhouse1000-2000 sq. ft.$50-$100Natural Gas2,5000
Townhouse1000-2000 sq. ft.$50-$100Natural Gas3-4,6500
Townhouse1000-2000 sq. ft.$50-$100Natural Gas5+,7300
Townhouse1000-2000 sq. ft.$50-$100Electricity1,550
Townhouse1000-2000 sq. ft.$50-$100Electricity2,700
Townhouse1000-2000 sq. ft.$50-$100Electricity3-4,950
Townhouse1000-2000 sq. ft.$50-$100Electricity5+,1100
Townhouse1000-2000 sq. ft.$50-$100Oil1,3800
Townhouse1000-2000 sq. ft.$50-$100Oil2,4320
Townhouse1000-2000 sq. ft.$50-$100Oil3-4,4800
Townhouse1000-2000 sq. ft.$50-$100Oil5+,5500
Townhouse1000-2000 sq. ft.$50-$100Propane1,5600
Townhouse1000-2000 sq. ft.$50-$100Propane2,5940
Townhouse1000-2000 sq. ft.$50-$100Propane3-4,6140
Townhouse1000-2000 sq. ft.$50-$100Propane5+,6340
Townhouse1000-2000 sq. ft.$50-$100Wood1,2400
Townhouse1000-2000 sq. ft.$50-$100Wood2,2600
Townhouse1000-2000 sq. ft.$50-$100Wood3-4,3300
Townhouse1000-2000 sq. ft.$50-$100Wood5+,3800
Townhouse1000-2000 sq. ft.$100-$150Natural Gas1,4300
Townhouse1000-2000 sq. ft.$100-$150Natural Gas2,5500
Townhouse1000-2000 sq. ft.$100-$150Natural Gas3-4,6800
Townhouse1000-2000 sq. ft.$100-$150Natural Gas5+,8340
Townhouse1000-2000 sq. ft.$100-$150Electricity1,1200
Townhouse1000-2000 sq. ft.$100-$150Electricity2,1350
Townhouse1000-2000 sq. ft.$100-$150Electricity3-4,1520
Townhouse1000-2000 sq. ft.$100-$150Electricity5+,1700
Townhouse1000-2000 sq. ft.$100-$150Oil1,5000
Townhouse1000-2000 sq. ft.$100-$150Oil2,5800
Townhouse1000-2000 sq. ft.$100-$150Oil3-4,6200
Townhouse1000-2000 sq. ft.$100-$150Oil5+,6100
Townhouse1000-2000 sq. ft.$100-$150Propane1,6000
Townhouse1000-2000 sq. ft.$100-$150Propane2,6200
Townhouse1000-2000 sq. ft.$100-$150Propane3-4,6420
Townhouse1000-2000 sq. ft.$100-$150Propane5+,6500
Townhouse1000-2000 sq. ft.$100-$150Wood1,4000
Townhouse1000-2000 sq. ft.$100-$150Wood2,4310
Townhouse1000-2000 sq. ft.$100-$150Wood3-4,4600
Townhouse1000-2000 sq. ft.$100-$150Wood5+,5100
Townhouse1000-2000 sq. ft.$150-$200Natural Gas1,4800
Townhouse1000-2000 sq. ft.$150-$200Natural Gas2,6300
Townhouse1000-2000 sq. ft.$150-$200Natural Gas3-4,8500
Townhouse1000-2000 sq. ft.$150-$200Natural Gas5+,9000
Townhouse1000-2000 sq. ft.$150-$200Electricity1,1700
Townhouse1000-2000 sq. ft.$150-$200Electricity2,1900
Townhouse1000-2000 sq. ft.$150-$200Electricity3-4,2150
Townhouse1000-2000 sq. ft.$150-$200Electricity5+,2400
Townhouse1000-2000 sq. ft.$150-$200Oil1,5350
Townhouse1000-2000 sq. ft.$150-$200Oil2,5500
Townhouse1000-2000 sq. ft.$150-$200Oil3-4,5720
Townhouse1000-2000 sq. ft.$150-$200Oil5+,5900
Townhouse1000-2000 sq. ft.$150-$200Propane1,3680
Townhouse1000-2000 sq. ft.$150-$200Propane2,4280
Townhouse1000-2000 sq. ft.$150-$200Propane3-4,5180
Townhouse1000-2000 sq. ft.$150-$200Propane5+,6080
Townhouse1000-2000 sq. ft.$150-$200Wood1,3800
Townhouse1000-2000 sq. ft.$150-$200Wood2,3800
Townhouse1000-2000 sq. ft.$150-$200Wood3-4,4220
Townhouse1000-2000 sq. ft.$150-$200Wood5+,4400
Townhouse1000-2000 sq. ft.Over $200Natural Gas1,9500
Townhouse1000-2000 sq. ft.Over $200Natural Gas2,10100
Townhouse1000-2000 sq. ft.Over $200Natural Gas3-4,11200
Townhouse1000-2000 sq. ft.Over $200Natural Gas5+,14000
Townhouse1000-2000 sq. ft.Over $200Electricity1,2500
Townhouse1000-2000 sq. ft.Over $200Electricity2,2780
Townhouse1000-2000 sq. ft.Over $200Electricity3-4,3000
Townhouse1000-2000 sq. ft.Over $200Electricity5+,3500
Townhouse1000-2000 sq. ft.Over $200Oil1,5370
Townhouse1000-2000 sq. ft.Over $200Oil2,5500
Townhouse1000-2000 sq. ft.Over $200Oil3-4,5800
Townhouse1000-2000 sq. ft.Over $200Oil5+,6200
Townhouse1000-2000 sq. ft.Over $200Propane1,6000
Townhouse1000-2000 sq. ft.Over $200Propane2,6600
Townhouse1000-2000 sq. ft.Over $200Propane3-4,6800
Townhouse1000-2000 sq. ft.Over $200Propane5+,7400
Townhouse1000-2000 sq. ft.Over $200Wood1,4000
Townhouse1000-2000 sq. ft.Over $200Wood2,4640
Townhouse1000-2000 sq. ft.Over $200Wood3-4,5000
Townhouse1000-2000 sq. ft.Over $200Wood5+,5430
TownhouseOver 2000 sq. ft.Under $50Natural Gas1,2822
TownhouseOver 2000 sq. ft.Under $50Natural Gas2,3010
TownhouseOver 2000 sq. ft.Under $50Natural Gas3-4,3300
TownhouseOver 2000 sq. ft.Under $50Natural Gas5+,3600
TownhouseOver 2000 sq. ft.Under $50Electricity1,300
TownhouseOver 2000 sq. ft.Under $50Electricity2,560
TownhouseOver 2000 sq. ft.Under $50Electricity3-4,890
TownhouseOver 2000 sq. ft.Under $50Electricity5+,1000
TownhouseOver 2000 sq. ft.Under $50Oil1,2810
TownhouseOver 2000 sq. ft.Under $50Oil2,3000
TownhouseOver 2000 sq. ft.Under $50Oil3-4,3468
TownhouseOver 2000 sq. ft.Under $50Oil5+,3760
TownhouseOver 2000 sq. ft.Under $50Propane1,3340
TownhouseOver 2000 sq. ft.Under $50Propane2,3940
TownhouseOver 2000 sq. ft.Under $50Propane3-4,4840
TownhouseOver 2000 sq. ft.Under $50Propane5+,5740
TownhouseOver 2000 sq. ft.Under $50Wood1,3800
TownhouseOver 2000 sq. ft.Under $50Wood2,4070
TownhouseOver 2000 sq. ft.Under $50Wood3-4,5000
TownhouseOver 2000 sq. ft.Under $50Wood5+,5600
TownhouseOver 2000 sq. ft.$50-$100Natural Gas1,3600
TownhouseOver 2000 sq. ft.$50-$100Natural Gas2,3840
TownhouseOver 2000 sq. ft.$50-$100Natural Gas3-4,3900
TownhouseOver 2000 sq. ft.$50-$100Natural Gas5+,5100
TownhouseOver 2000 sq. ft.$50-$100Electricity1,1200
TownhouseOver 2000 sq. ft.$50-$100Electricity2,1380
TownhouseOver 2000 sq. ft.$50-$100Electricity3-4,1600
TownhouseOver 2000 sq. ft.$50-$100Electricity5+,1750
TownhouseOver 2000 sq. ft.$50-$100Oil1,4300
TownhouseOver 2000 sq. ft.$50-$100Oil2,4900
TownhouseOver 2000 sq. ft.$50-$100Oil3-4,5320
TownhouseOver 2000 sq. ft.$50-$100Oil5+,5800
TownhouseOver 2000 sq. ft.$50-$100Propane1,5900
TownhouseOver 2000 sq. ft.$50-$100Propane2,6330
TownhouseOver 2000 sq. ft.$50-$100Propane3-4,6440
TownhouseOver 2000 sq. ft.$50-$100Propane5+,6900
TownhouseOver 2000 sq. ft.$50-$100Wood1,3500
TownhouseOver 2000 sq. ft.$50-$100Wood2,3930
TownhouseOver 2000 sq. ft.$50-$100Wood3-4,4360
TownhouseOver 2000 sq. ft.$50-$100Wood5+,5000
TownhouseOver 2000 sq. ft.$100-$150Natural Gas1,5000
TownhouseOver 2000 sq. ft.$100-$150Natural Gas2,6200
TownhouseOver 2000 sq. ft.$100-$150Natural Gas3-4,7000
TownhouseOver 2000 sq. ft.$100-$150Natural Gas5+,8000
TownhouseOver 2000 sq. ft.$100-$150Electricity1,1800
TownhouseOver 2000 sq. ft.$100-$150Electricity2,2000
TownhouseOver 2000 sq. ft.$100-$150Electricity3-4,2200
TownhouseOver 2000 sq. ft.$100-$150Electricity5+,2300
TownhouseOver 2000 sq. ft.$100-$150Oil1,5300
TownhouseOver 2000 sq. ft.$100-$150Oil2,5690
TownhouseOver 2000 sq. ft.$100-$150Oil3-4,6250
TownhouseOver 2000 sq. ft.$100-$150Oil5+,6500
TownhouseOver 2000 sq. ft.$100-$150Propane1,3510
TownhouseOver 2000 sq. ft.$100-$150Propane2,4110
TownhouseOver 2000 sq. ft.$100-$150Propane3-4,5010
TownhouseOver 2000 sq. ft.$100-$150Propane5+,5910
TownhouseOver 2000 sq. ft.$100-$150Wood1,4100
TownhouseOver 2000 sq. ft.$100-$150Wood2,4500
TownhouseOver 2000 sq. ft.$100-$150Wood3-4,4780
TownhouseOver 2000 sq. ft.$100-$150Wood5+,5360
TownhouseOver 2000 sq. ft.$150-$200Natural Gas1,8000
TownhouseOver 2000 sq. ft.$150-$200Natural Gas2,8300
TownhouseOver 2000 sq. ft.$150-$200Natural Gas3-4,9000
TownhouseOver 2000 sq. ft.$150-$200Natural Gas5+,9500
TownhouseOver 2000 sq. ft.$150-$200Electricity1,2400
TownhouseOver 2000 sq. ft.$150-$200Electricity2,2500
TownhouseOver 2000 sq. ft.$150-$200Electricity3-4,2650
TownhouseOver 2000 sq. ft.$150-$200Electricity5+,2800
TownhouseOver 2000 sq. ft.$150-$200Oil1,5440
TownhouseOver 2000 sq. ft.$150-$200Oil2,5600
TownhouseOver 2000 sq. ft.$150-$200Oil3-4,5800
TownhouseOver 2000 sq. ft.$150-$200Oil5+,6000
TownhouseOver 2000 sq. ft.$150-$200Propane1,3800
TownhouseOver 2000 sq. ft.$150-$200Propane2,4500
TownhouseOver 2000 sq. ft.$150-$200Propane3-4,5380
TownhouseOver 2000 sq. ft.$150-$200Propane5+,6200
TownhouseOver 2000 sq. ft.$150-$200Wood1,4200
TownhouseOver 2000 sq. ft.$150-$200Wood2,4640
TownhouseOver 2000 sq. ft.$150-$200Wood3-4,5000
TownhouseOver 2000 sq. ft.$150-$200Wood5+,5400
TownhouseOver 2000 sq. ft.Over $200Natural Gas1,9500
TownhouseOver 2000 sq. ft.Over $200Natural Gas2,1010
TownhouseOver 2000 sq. ft.Over $200Natural Gas3-4,10300
TownhouseOver 2000 sq. ft.Over $200Natural Gas5+,11000
TownhouseOver 2000 sq. ft.Over $200Electricity1,2800
TownhouseOver 2000 sq. ft.Over $200Electricity2,3000
TownhouseOver 2000 sq. ft.Over $200Electricity3-4,3800
TownhouseOver 2000 sq. ft.Over $200Electricity5+,4300
TownhouseOver 2000 sq. ft.Over $200Oil1,5670
TownhouseOver 2000 sq. ft.Over $200Oil2,5800
TownhouseOver 2000 sq. ft.Over $200Oil3-4,6100
TownhouseOver 2000 sq. ft.Over $200Oil5+,6350
TownhouseOver 2000 sq. ft.Over $200Propane1,6200
TownhouseOver 2000 sq. ft.Over $200Propane2,6900
TownhouseOver 2000 sq. ft.Over $200Propane3-4,7500
TownhouseOver 2000 sq. ft.Over $200Propane5+,7850
TownhouseOver 2000 sq. ft.Over $200Wood1,4300
TownhouseOver 2000 sq. ft.Over $200Wood2,4700
TownhouseOver 2000 sq. ft.Over $200Wood3-4,5100
TownhouseOver 2000 sq. ft.Over $200Wood5+,5500
Condo/ApartmentUnder 1000 sq. ft.Under $50Natural Gas1,1680
Condo/ApartmentUnder 1000 sq. ft.Under $50Natural Gas2,1870
Condo/ApartmentUnder 1000 sq. ft.Under $50Natural Gas3-4,2170
Condo/ApartmentUnder 1000 sq. ft.Under $50Natural Gas5+,2440
Condo/ApartmentUnder 1000 sq. ft.Under $50Electricity1,200
Condo/ApartmentUnder 1000 sq. ft.Under $50Electricity2,250
Condo/ApartmentUnder 1000 sq. ft.Under $50Electricity3-4,380
Condo/ApartmentUnder 1000 sq. ft.Under $50Electricity5+,450
Condo/ApartmentUnder 1000 sq. ft.Under $50Oil1,0
Condo/ApartmentUnder 1000 sq. ft.Under $50Oil2,0
Condo/ApartmentUnder 1000 sq. ft.Under $50Oil3-4,0
Condo/ApartmentUnder 1000 sq. ft.Under $50Oil5+,0
Condo/ApartmentUnder 1000 sq. ft.Under $50Propane1,1320
Condo/ApartmentUnder 1000 sq. ft.Under $50Propane2,1550
Condo/ApartmentUnder 1000 sq. ft.Under $50Propane3-4,1800
Condo/ApartmentUnder 1000 sq. ft.Under $50Propane5+,2000
Condo/ApartmentUnder 1000 sq. ft.Under $50Wood1,1600
Condo/ApartmentUnder 1000 sq. ft.Under $50Wood2,1850
Condo/ApartmentUnder 1000 sq. ft.Under $50Wood3-4,2000
Condo/ApartmentUnder 1000 sq. ft.Under $50Wood5+,2100
Condo/ApartmentUnder 1000 sq. ft.$50-$100Natural Gas1,2240
Condo/ApartmentUnder 1000 sq. ft.$50-$100Natural Gas2,2430
Condo/ApartmentUnder 1000 sq. ft.$50-$100Natural Gas3-4,2719
Condo/ApartmentUnder 1000 sq. ft.$50-$100Natural Gas5+,2997
Condo/ApartmentUnder 1000 sq. ft.$50-$100Electricity1,500
Condo/ApartmentUnder 1000 sq. ft.$50-$100Electricity2,550
Condo/ApartmentUnder 1000 sq. ft.$50-$100Electricity3-4,580
Condo/ApartmentUnder 1000 sq. ft.$50-$100Electricity5+,600
Condo/ApartmentUnder 1000 sq. ft.$50-$100Oil1,0
Condo/ApartmentUnder 1000 sq. ft.$50-$100Oil2,0
Condo/ApartmentUnder 1000 sq. ft.$50-$100Oil3-4,0
Condo/ApartmentUnder 1000 sq. ft.$50-$100Oil5+,0
Condo/ApartmentUnder 1000 sq. ft.$50-$100Propane1,2100
Condo/ApartmentUnder 1000 sq. ft.$50-$100Propane2,2400
Condo/ApartmentUnder 1000 sq. ft.$50-$100Propane3-4,2800
Condo/ApartmentUnder 1000 sq. ft.$50-$100Propane5+,3200
Condo/ApartmentUnder 1000 sq. ft.$50-$100Wood1,1800
Condo/ApartmentUnder 1000 sq. ft.$50-$100Wood2,2000
Condo/ApartmentUnder 1000 sq. ft.$50-$100Wood3-4,2300
Condo/ApartmentUnder 1000 sq. ft.$50-$100Wood5+,2400
Condo/ApartmentUnder 1000 sq. ft.$100-$150Natural Gas1,2800
Condo/ApartmentUnder 1000 sq. ft.$100-$150Natural Gas2,3000
Condo/ApartmentUnder 1000 sq. ft.$100-$150Natural Gas3-4,3200
Condo/ApartmentUnder 1000 sq. ft.$100-$150Natural Gas5+,3500
Condo/ApartmentUnder 1000 sq. ft.$100-$150Electricity1,900
Condo/ApartmentUnder 1000 sq. ft.$100-$150Electricity2,1100
Condo/ApartmentUnder 1000 sq. ft.$100-$150Electricity3-4,1200
Condo/ApartmentUnder 1000 sq. ft.$100-$150Electricity5+,1300
Condo/ApartmentUnder 1000 sq. ft.$100-$150Oil1,0
Condo/ApartmentUnder 1000 sq. ft.$100-$150Oil2,0
Condo/ApartmentUnder 1000 sq. ft.$100-$150Oil3-4,0
Condo/ApartmentUnder 1000 sq. ft.$100-$150Oil5+,0
Condo/ApartmentUnder 1000 sq. ft.$100-$150Propane1,3000
Condo/ApartmentUnder 1000 sq. ft.$100-$150Propane2,3300
Condo/ApartmentUnder 1000 sq. ft.$100-$150Propane3-4,3700
Condo/ApartmentUnder 1000 sq. ft.$100-$150Propane5+,4300
Condo/ApartmentUnder 1000 sq. ft.$100-$150Wood1,2800
Condo/ApartmentUnder 1000 sq. ft.$100-$150Wood2,3000
Condo/ApartmentUnder 1000 sq. ft.$100-$150Wood3-4,3300
Condo/ApartmentUnder 1000 sq. ft.$100-$150Wood5+,3500
Condo/ApartmentUnder 1000 sq. ft.$150-$200Natural Gas1,3700
Condo/ApartmentUnder 1000 sq. ft.$150-$200Natural Gas2,4100
Condo/ApartmentUnder 1000 sq. ft.$150-$200Natural Gas3-4,4600
Condo/ApartmentUnder 1000 sq. ft.$150-$200Natural Gas5+,5000
Condo/ApartmentUnder 1000 sq. ft.$150-$200Electricity1,1400
Condo/ApartmentUnder 1000 sq. ft.$150-$200Electricity2,1600
Condo/ApartmentUnder 1000 sq. ft.$150-$200Electricity3-4,1700
Condo/ApartmentUnder 1000 sq. ft.$150-$200Electricity5+,1900
Condo/ApartmentUnder 1000 sq. ft.$150-$200Oil1,0
Condo/ApartmentUnder 1000 sq. ft.$150-$200Oil2,0
Condo/ApartmentUnder 1000 sq. ft.$150-$200Oil3-4,0
Condo/ApartmentUnder 1000 sq. ft.$150-$200Oil5+,0
Condo/ApartmentUnder 1000 sq. ft.$150-$200Propane1,3300
Condo/ApartmentUnder 1000 sq. ft.$150-$200Propane2,3700
Condo/ApartmentUnder 1000 sq. ft.$150-$200Propane3-4,4400
Condo/ApartmentUnder 1000 sq. ft.$150-$200Propane5+,5200
Condo/ApartmentUnder 1000 sq. ft.$150-$200Wood1,3000
Condo/ApartmentUnder 1000 sq. ft.$150-$200Wood2,3100
Condo/ApartmentUnder 1000 sq. ft.$150-$200Wood3-4,3500
Condo/ApartmentUnder 1000 sq. ft.$150-$200Wood5+,3900
Condo/ApartmentUnder 1000 sq. ft.Over $200Natural Gas1,5000
Condo/ApartmentUnder 1000 sq. ft.Over $200Natural Gas2,7200
Condo/ApartmentUnder 1000 sq. ft.Over $200Natural Gas3-4,8000
Condo/ApartmentUnder 1000 sq. ft.Over $200Natural Gas5+,10000
Condo/ApartmentUnder 1000 sq. ft.Over $200Electricity1,1900
Condo/ApartmentUnder 1000 sq. ft.Over $200Electricity2,2100
Condo/ApartmentUnder 1000 sq. ft.Over $200Electricity3-4,2200
Condo/ApartmentUnder 1000 sq. ft.Over $200Electricity5+,2600
Condo/ApartmentUnder 1000 sq. ft.Over $200Oil1,0
Condo/ApartmentUnder 1000 sq. ft.Over $200Oil2,0
Condo/ApartmentUnder 1000 sq. ft.Over $200Oil3-4,0
Condo/ApartmentUnder 1000 sq. ft.Over $200Oil5+,0
Condo/ApartmentUnder 1000 sq. ft.Over $200Propane1,5700
Condo/ApartmentUnder 1000 sq. ft.Over $200Propane2,6000
Condo/ApartmentUnder 1000 sq. ft.Over $200Propane3-4,6600
Condo/ApartmentUnder 1000 sq. ft.Over $200Propane5+,7000
Condo/ApartmentUnder 1000 sq. ft.Over $200Wood1,3500
Condo/ApartmentUnder 1000 sq. ft.Over $200Wood2,3600
Condo/ApartmentUnder 1000 sq. ft.Over $200Wood3-4,3900
Condo/ApartmentUnder 1000 sq. ft.Over $200Wood5+,4200
Condo/Apartment1000-2000 sq. ft.Under $50Natural Gas1,2060
Condo/Apartment1000-2000 sq. ft.Under $50Natural Gas2,2260
Condo/Apartment1000-2000 sq. ft.Under $50Natural Gas3-4,2540
Condo/Apartment1000-2000 sq. ft.Under $50Natural Gas5+,3010
Condo/Apartment1000-2000 sq. ft.Under $50Electricity1,300
Condo/Apartment1000-2000 sq. ft.Under $50Electricity2,400
Condo/Apartment1000-2000 sq. ft.Under $50Electricity3-4,500
Condo/Apartment1000-2000 sq. ft.Under $50Electricity5+,620
Condo/Apartment1000-2000 sq. ft.Under $50Oil1,0
Condo/Apartment1000-2000 sq. ft.Under $50Oil2,0
Condo/Apartment1000-2000 sq. ft.Under $50Oil3-4,0
Condo/Apartment1000-2000 sq. ft.Under $50Oil5+,0
Condo/Apartment1000-2000 sq. ft.Under $50Propane1,1500
Condo/Apartment1000-2000 sq. ft.Under $50Propane2,1700
Condo/Apartment1000-2000 sq. ft.Under $50Propane3-4,2100
Condo/Apartment1000-2000 sq. ft.Under $50Propane5+,2300
Condo/Apartment1000-2000 sq. ft.Under $50Wood1,1800
Condo/Apartment1000-2000 sq. ft.Under $50Wood2,2200
Condo/Apartment1000-2000 sq. ft.Under $50Wood3-4,2500
Condo/Apartment1000-2000 sq. ft.Under $50Wood5+,2700
Condo/Apartment1000-2000 sq. ft.$50-$100Natural Gas1,2500
Condo/Apartment1000-2000 sq. ft.$50-$100Natural Gas2,2880
Condo/Apartment1000-2000 sq. ft.$50-$100Natural Gas3-4,3110
Condo/Apartment1000-2000 sq. ft.$50-$100Natural Gas5+,3320
Condo/Apartment1000-2000 sq. ft.$50-$100Electricity1,550
Condo/Apartment1000-2000 sq. ft.$50-$100Electricity2,670
Condo/Apartment1000-2000 sq. ft.$50-$100Electricity3-4,780
Condo/Apartment1000-2000 sq. ft.$50-$100Electricity5+,900
Condo/Apartment1000-2000 sq. ft.$50-$100Oil1,0
Condo/Apartment1000-2000 sq. ft.$50-$100Oil2,0
Condo/Apartment1000-2000 sq. ft.$50-$100Oil3-4,0
Condo/Apartment1000-2000 sq. ft.$50-$100Oil5+,0
Condo/Apartment1000-2000 sq. ft.$50-$100Propane1,3000
Condo/Apartment1000-2000 sq. ft.$50-$100Propane2,3400
Condo/Apartment1000-2000 sq. ft.$50-$100Propane3-4,3800
Condo/Apartment1000-2000 sq. ft.$50-$100Propane5+,4200
Condo/Apartment1000-2000 sq. ft.$50-$100Wood1,2200
Condo/Apartment1000-2000 sq. ft.$50-$100Wood2,2500
Condo/Apartment1000-2000 sq. ft.$50-$100Wood3-4,2900
Condo/Apartment1000-2000 sq. ft.$50-$100Wood5+,3300
Condo/Apartment1000-2000 sq. ft.$100-$150Natural Gas1,3100
Condo/Apartment1000-2000 sq. ft.$100-$150Natural Gas2,3300
Condo/Apartment1000-2000 sq. ft.$100-$150Natural Gas3-4,3500
Condo/Apartment1000-2000 sq. ft.$100-$150Natural Gas5+,3900
Condo/Apartment1000-2000 sq. ft.$100-$150Electricity1,1250
Condo/Apartment1000-2000 sq. ft.$100-$150Electricity2,1450
Condo/Apartment1000-2000 sq. ft.$100-$150Electricity3-4,1750
Condo/Apartment1000-2000 sq. ft.$100-$150Electricity5+,2100
Condo/Apartment1000-2000 sq. ft.$100-$150Oil1,0
Condo/Apartment1000-2000 sq. ft.$100-$150Oil2,0
Condo/Apartment1000-2000 sq. ft.$100-$150Oil3-4,0
Condo/Apartment1000-2000 sq. ft.$100-$150Oil5+,0
Condo/Apartment1000-2000 sq. ft.$100-$150Propane1,4100
Condo/Apartment1000-2000 sq. ft.$100-$150Propane2,4600
Condo/Apartment1000-2000 sq. ft.$100-$150Propane3-4,5000
Condo/Apartment1000-2000 sq. ft.$100-$150Propane5+,5400
Condo/Apartment1000-2000 sq. ft.$100-$150Wood1,3200
Condo/Apartment1000-2000 sq. ft.$100-$150Wood2,3500
Condo/Apartment1000-2000 sq. ft.$100-$150Wood3-4,3600
Condo/Apartment1000-2000 sq. ft.$100-$150Wood5+,4000
Condo/Apartment1000-2000 sq. ft.$150-$200Natural Gas1,4000
Condo/Apartment1000-2000 sq. ft.$150-$200Natural Gas2,4700
Condo/Apartment1000-2000 sq. ft.$150-$200Natural Gas3-4,5200
Condo/Apartment1000-2000 sq. ft.$150-$200Natural Gas5+,5900
Condo/Apartment1000-2000 sq. ft.$150-$200Electricity1,1900
Condo/Apartment1000-2000 sq. ft.$150-$200Electricity2,2300
Condo/Apartment1000-2000 sq. ft.$150-$200Electricity3-4,2700
Condo/Apartment1000-2000 sq. ft.$150-$200Electricity5+,3000
Condo/Apartment1000-2000 sq. ft.$150-$200Oil1,0
Condo/Apartment1000-2000 sq. ft.$150-$200Oil2,0
Condo/Apartment1000-2000 sq. ft.$150-$200Oil3-4,0
Condo/Apartment1000-2000 sq. ft.$150-$200Oil5+,0
Condo/Apartment1000-2000 sq. ft.$150-$200Propane1,4550
Condo/Apartment1000-2000 sq. ft.$150-$200Propane2,4950
Condo/Apartment1000-2000 sq. ft.$150-$200Propane3-4,5350
Condo/Apartment1000-2000 sq. ft.$150-$200Propane5+,5650
Condo/Apartment1000-2000 sq. ft.$150-$200Wood1,3100
Condo/Apartment1000-2000 sq. ft.$150-$200Wood2,3300
Condo/Apartment1000-2000 sq. ft.$150-$200Wood3-4,3700
Condo/Apartment1000-2000 sq. ft.$150-$200Wood5+,4100
Condo/Apartment1000-2000 sq. ft.Over $200Natural Gas1,5350
Condo/Apartment1000-2000 sq. ft.Over $200Natural Gas2,7550
Condo/Apartment1000-2000 sq. ft.Over $200Natural Gas3-4,8200
Condo/Apartment1000-2000 sq. ft.Over $200Natural Gas5+,10500
Condo/Apartment1000-2000 sq. ft.Over $200Electricity1,2300
Condo/Apartment1000-2000 sq. ft.Over $200Electricity2,2500
Condo/Apartment1000-2000 sq. ft.Over $200Electricity3-4,2700
Condo/Apartment1000-2000 sq. ft.Over $200Electricity5+,3100
Condo/Apartment1000-2000 sq. ft.Over $200Oil1,0
Condo/Apartment1000-2000 sq. ft.Over $200Oil2,0
Condo/Apartment1000-2000 sq. ft.Over $200Oil3-4,0
Condo/Apartment1000-2000 sq. ft.Over $200Oil5+,0
Condo/Apartment1000-2000 sq. ft.Over $200Propane1,6000
Condo/Apartment1000-2000 sq. ft.Over $200Propane2,6300
Condo/Apartment1000-2000 sq. ft.Over $200Propane3-4,7000
Condo/Apartment1000-2000 sq. ft.Over $200Propane5+,7400
Condo/Apartment1000-2000 sq. ft.Over $200Wood1,3900
Condo/Apartment1000-2000 sq. ft.Over $200Wood2,4200
Condo/Apartment1000-2000 sq. ft.Over $200Wood3-4,4500
Condo/Apartment1000-2000 sq. ft.Over $200Wood5+,4700
Condo/ApartmentOver 2000 sq. ft.Under $50Natural Gas1,2440
Condo/ApartmentOver 2000 sq. ft.Under $50Natural Gas2,2727
Condo/ApartmentOver 2000 sq. ft.Under $50Natural Gas3-4,3010
Condo/ApartmentOver 2000 sq. ft.Under $50Natural Gas5+,3577
Condo/ApartmentOver 2000 sq. ft.Under $50Electricity1,350
Condo/ApartmentOver 2000 sq. ft.Under $50Electricity2,570
Condo/ApartmentOver 2000 sq. ft.Under $50Electricity3-4,900
Condo/ApartmentOver 2000 sq. ft.Under $50Electricity5+,980
Condo/ApartmentOver 2000 sq. ft.Under $50Oil1,0
Condo/ApartmentOver 2000 sq. ft.Under $50Oil2,0
Condo/ApartmentOver 2000 sq. ft.Under $50Oil3-4,0
Condo/ApartmentOver 2000 sq. ft.Under $50Oil5+,0
Condo/ApartmentOver 2000 sq. ft.Under $50Propane1,1800
Condo/ApartmentOver 2000 sq. ft.Under $50Propane2,2100
Condo/ApartmentOver 2000 sq. ft.Under $50Propane3-4,2450
Condo/ApartmentOver 2000 sq. ft.Under $50Propane5+,2600
Condo/ApartmentOver 2000 sq. ft.Under $50Wood1,2300
Condo/ApartmentOver 2000 sq. ft.Under $50Wood2,2600
Condo/ApartmentOver 2000 sq. ft.Under $50Wood3-4,2900
Condo/ApartmentOver 2000 sq. ft.Under $50Wood5+,3300
Condo/ApartmentOver 2000 sq. ft.$50-$100Natural Gas1,2700
Condo/ApartmentOver 2000 sq. ft.$50-$100Natural Gas2,3100
Condo/ApartmentOver 2000 sq. ft.$50-$100Natural Gas3-4,3300
Condo/ApartmentOver 2000 sq. ft.$50-$100Natural Gas5+,3600
Condo/ApartmentOver 2000 sq. ft.$50-$100Electricity1,610
Condo/ApartmentOver 2000 sq. ft.$50-$100Electricity2,690
Condo/ApartmentOver 2000 sq. ft.$50-$100Electricity3-4,820
Condo/ApartmentOver 2000 sq. ft.$50-$100Electricity5+,980
Condo/ApartmentOver 2000 sq. ft.$50-$100Oil1,0
Condo/ApartmentOver 2000 sq. ft.$50-$100Oil2,0
Condo/ApartmentOver 2000 sq. ft.$50-$100Oil3-4,0
Condo/ApartmentOver 2000 sq. ft.$50-$100Oil5+,0
Condo/ApartmentOver 2000 sq. ft.$50-$100Propane1,3650
Condo/ApartmentOver 2000 sq. ft.$50-$100Propane2,4050
Condo/ApartmentOver 2000 sq. ft.$50-$100Propane3-4,4650
Condo/ApartmentOver 2000 sq. ft.$50-$100Propane5+,5150
Condo/ApartmentOver 2000 sq. ft.$50-$100Wood1,2600
Condo/ApartmentOver 2000 sq. ft.$50-$100Wood2,2900
Condo/ApartmentOver 2000 sq. ft.$50-$100Wood3-4,3300
Condo/ApartmentOver 2000 sq. ft.$50-$100Wood5+,3600
Condo/ApartmentOver 2000 sq. ft.$100-$150Natural Gas1,3670
Condo/ApartmentOver 2000 sq. ft.$100-$150Natural Gas2,3870
Condo/ApartmentOver 2000 sq. ft.$100-$150Natural Gas3-4,4100
Condo/ApartmentOver 2000 sq. ft.$100-$150Natural Gas5+,4300
Condo/ApartmentOver 2000 sq. ft.$100-$150Electricity1,1500
Condo/ApartmentOver 2000 sq. ft.$100-$150Electricity2,1700
Condo/ApartmentOver 2000 sq. ft.$100-$150Electricity3-4,2000
Condo/ApartmentOver 2000 sq. ft.$100-$150Electricity5+,2350
Condo/ApartmentOver 2000 sq. ft.$100-$150Oil1,0
Condo/ApartmentOver 2000 sq. ft.$100-$150Oil2,0
Condo/ApartmentOver 2000 sq. ft.$100-$150Oil3-4,0
Condo/ApartmentOver 2000 sq. ft.$100-$150Oil5+,0
Condo/ApartmentOver 2000 sq. ft.$100-$150Propane1,4500
Condo/ApartmentOver 2000 sq. ft.$100-$150Propane2,5000
Condo/ApartmentOver 2000 sq. ft.$100-$150Propane3-4,5400
Condo/ApartmentOver 2000 sq. ft.$100-$150Propane5+,5700
Condo/ApartmentOver 2000 sq. ft.$100-$150Wood1,3500
Condo/ApartmentOver 2000 sq. ft.$100-$150Wood2,3700
Condo/ApartmentOver 2000 sq. ft.$100-$150Wood3-4,4200
Condo/ApartmentOver 2000 sq. ft.$100-$150Wood5+,4600
Condo/ApartmentOver 2000 sq. ft.$150-$200Natural Gas1,4250
Condo/ApartmentOver 2000 sq. ft.$150-$200Natural Gas2,5050
Condo/ApartmentOver 2000 sq. ft.$150-$200Natural Gas3-4,5400
Condo/ApartmentOver 2000 sq. ft.$150-$200Natural Gas5+,6200
Condo/ApartmentOver 2000 sq. ft.$150-$200Electricity1,2150
Condo/ApartmentOver 2000 sq. ft.$150-$200Electricity2,2550
Condo/ApartmentOver 2000 sq. ft.$150-$200Electricity3-4,2850
Condo/ApartmentOver 2000 sq. ft.$150-$200Electricity5+,3150
Condo/ApartmentOver 2000 sq. ft.$150-$200Oil1,0
Condo/ApartmentOver 2000 sq. ft.$150-$200Oil2,0
Condo/ApartmentOver 2000 sq. ft.$150-$200Oil3-4,0
Condo/ApartmentOver 2000 sq. ft.$150-$200Oil5+,0
Condo/ApartmentOver 2000 sq. ft.$150-$200Propane1,5000
Condo/ApartmentOver 2000 sq. ft.$150-$200Propane2,5300
Condo/ApartmentOver 2000 sq. ft.$150-$200Propane3-4,5600
Condo/ApartmentOver 2000 sq. ft.$150-$200Propane5+,6000
Condo/ApartmentOver 2000 sq. ft.$150-$200Wood1,3530
Condo/ApartmentOver 2000 sq. ft.$150-$200Wood2,3730
Condo/ApartmentOver 2000 sq. ft.$150-$200Wood3-4,4200
Condo/ApartmentOver 2000 sq. ft.$150-$200Wood5+,4630
Condo/ApartmentOver 2000 sq. ft.Over $200Natural Gas1,6000
Condo/ApartmentOver 2000 sq. ft.Over $200Natural Gas2,7800
Condo/ApartmentOver 2000 sq. ft.Over $200Natural Gas3-4,8500
Condo/ApartmentOver 2000 sq. ft.Over $200Natural Gas5+,11100
Condo/ApartmentOver 2000 sq. ft.Over $200Electricity1,2600
Condo/ApartmentOver 2000 sq. ft.Over $200Electricity2,3100
Condo/ApartmentOver 2000 sq. ft.Over $200Electricity3-4,3600
Condo/ApartmentOver 2000 sq. ft.Over $200Electricity5+,4000
Condo/ApartmentOver 2000 sq. ft.Over $200Oil1,0
Condo/ApartmentOver 2000 sq. ft.Over $200Oil2,0
Condo/ApartmentOver 2000 sq. ft.Over $200Oil3-4,0
Condo/ApartmentOver 2000 sq. ft.Over $200Oil5+,0
Condo/ApartmentOver 2000 sq. ft.Over $200Propane1,6500
Condo/ApartmentOver 2000 sq. ft.Over $200Propane2,6800
Condo/ApartmentOver 2000 sq. ft.Over $200Propane3-4,7400
Condo/ApartmentOver 2000 sq. ft.Over $200Propane5+,7800
Condo/ApartmentOver 2000 sq. ft.Over $200Wood1,4100
Condo/ApartmentOver 2000 sq. ft.Over $200Wood2,4400
Condo/ApartmentOver 2000 sq. ft.Over $200Wood3-4,4900
Condo/ApartmentOver 2000 sq. ft.Over $200Wood5+,5100